{
  "symptom": {
    "precision": 1.0,
    "recall": 0.9935897435897436,
    "f1-score": 0.9967845659163987,
    "support": 156
  },
  "end": {
    "precision": 1.0,
    "recall": 0.8888888888888888,
    "f1-score": 0.9411764705882353,
    "support": 9
  },
  "mood_unhappy": {
    "precision": 0.9090909090909091,
    "recall": 1.0,
    "f1-score": 0.9523809523809523,
    "support": 10
  },
  "need_help": {
    "precision": 1.0,
    "recall": 1.0,
    "f1-score": 1.0,
    "support": 5
  },
  "bot_challenge": {
    "precision": 1.0,
    "recall": 1.0,
    "f1-score": 1.0,
    "support": 4
  },
  "mood_great": {
    "precision": 1.0,
    "recall": 1.0,
    "f1-score": 1.0,
    "support": 8
  },
  "affirm": {
    "precision": 1.0,
    "recall": 1.0,
    "f1-score": 1.0,
    "support": 5
  },
  "greet": {
    "precision": 1.0,
    "recall": 1.0,
    "f1-score": 1.0,
    "support": 6
  },
  "deny": {
    "precision": 0.8571428571428571,
    "recall": 1.0,
    "f1-score": 0.923076923076923,
    "support": 6
  },
  "goodbye": {
    "precision": 1.0,
    "recall": 1.0,
    "f1-score": 1.0,
    "support": 4
  },
  "micro avg": {
    "precision": 0.9906103286384976,
    "recall": 0.9906103286384976,
    "f1-score": 0.9906103286384976,
    "support": 213
  },
  "macro avg": {
    "precision": 0.9766233766233766,
    "recall": 0.9882478632478632,
    "f1-score": 0.9813418911962509,
    "support": 213
  },
  "weighted avg": {
    "precision": 0.9917078226937381,
    "recall": 0.9906103286384976,
    "f1-score": 0.9907570496738187,
    "support": 213
  }
}